question,context,ground_truth
Summarize the following text,"A test is a note you leave for the computer. It says: ""this thing works like this, and if it ever stops working like this, let me know."" That's it. Imagine you built a calculator. You write a note that says ""2 + 3 must equal 5."" The computer checks this note every time something changes. If your calculator suddenly returns 6, the note fires. You don't need to understand how the calculator works internally. You just know it's broken because 2 + 3 is not 6. This is the entire concept. What a test looks like in practice Before any code, here's the plain-English version: I have a function called calculatePrice. I give it an item that costs $10 and a quantity of 3. I expect $30 back. If I get anything else, something is wrong. In Go, that becomes: func TestCalculatePrice(t *testing.T) {     got := calculatePrice(10, 3)     if got != 30 {         t.Errorf(""expected 30, got %d"", got)     } } Explain with Seven lines. The machine runs this, checks the result, and tells you if it's wrong. You can have hundreds of these notes scattered across your project. They run in seconds. That's a unit test. ""Unit"" because it tests one small unit of behavior. Not the whole app. Not the database. Just: does this function do the one thing it's supposed to. Why this matters if you vibe code Here's the scenario. You're building an online store. It has a price calculation function. It works. Users are buying things. Life is good. You open ChatGPT or Claude and say: ""Add a 10% discount for orders over $100."" The AI gives you 40 lines of code. It looks right. The discount logic is there. You paste it in, try a $150 order, see a $135 total. Ship it. What you didn't notice: the AI rewrote calculatePrice to handle the discount, and in the process it changed how tax is applied. Orders under $100 now have tax calculated twice. Your $10 item costs $10.80 instead of $10.50. Nobody tells you this because you're not going to manually test every old scenario after every change. A test would have caught it instantly: --- FAIL: TestCalculatePrice     expected 1050 (cents), got 1080 Explain with This is not a hypothetical. Large language models hallucinate. They confidently produce code that compiles, looks reasonable, and is subtly wrong. They'll rename a variable and forget to update one reference. They'll change what a function gives back and break something three files away. They'll ""simplify"" a condition and break a rare scenario. The confidence is the dangerous part. The code doesn't look broken. It just is. Tests don't care who wrote the code A test doesn't know if a human or an AI wrote the function it's checking. It doesn't care. It just runs the function, compares the output to what you said it should be, and passes or fails. This makes tests the perfect safety net for vibe coding. You can let the AI rewrite entire files. You can tell it to refactor, restructure, change the architecture. As long as the tests pass, the behavior you care about is intact. The moment something breaks, you'll know immediately, not three weeks later when a user reports a weird charge on their credit card. There's a catch though. Tests that spy on implementation are useless There are two ways to write a test. One is good. One will ruin your life. Good: ""I give the function these inputs, I expect this output."" Bad: ""The function must call database.Save() exactly once, then call cache.Invalidate() with the argument ""users"", then return a struct with field processedAt set to the current timestamp."" The second kind tests HOW the code works internally. This seems thorough. It's actually a trap. The moment the AI (or you, or a coworker) rewrites the internals, every single one of those tests breaks, even if the behavior is perfectly correct. You moved some code into a separate place? Tests fail. You switched from one internal library to another? Tests fail. The function still does exactly what it's supposed to, but the tests don't know that because they were watching the gears, not the output. For vibe coding this is fatal. The AI rewrites internals on every prompt. If your tests check implementation details, they'll break every single time you ask the AI to change anything. You'll spend more time fixing tests than writing features. Eventually you'll start ignoring failing tests, and then you have no tests at all. Write tests that check behavior. Input in, expected output out. The internals are the AI's problem. The behavior is your contract with reality. A practical rule: if you can describe what a test checks without mentioning names of internal code parts or step-by-step details, it's a behavioral test. ""An order with three items at $10 each costs $30."" That sentence says nothing about implementation. Any code that makes it true is correct code. How many tests do you need I'm honestly not sure there's a universal answer here. The standard advice is ""test everything,"" but I think for vibe coding the priority is different. Test the things that would hurt if they broke silently. Price calculations. Authentication. Data that gets saved to a database. The core stuff. If the AI generates some utility code that formats a date for display, maybe you don't need a test for that. If it breaks, you'll see it on screen. But if it generates code that decides whether a user gets charged $50 or $500? Yeah, write a test. Start small. Five tests that cover the most important behaviors of your app. Run them after every AI-generated change. That alone puts you ahead of most vibe coders who test nothing. One more thing If you're writing Go, samurai was designed with AI-assisted development in mind. The API is one method (s.Test()) - small enough to explain to a model in a single prompt - and every test runs in complete isolation, so AI-generated code with unexpected side effects can't break neighboring checks. Each test is a self-contained path with its own setup and teardown. The AI rewrites your code, you run the tests, each path either passes or fails independently. No cascading failures. Zero dependencies, parallel by default: go get github.com/zerosixty/samurai. ","A test is a small ""note"" that states expected behavior (given inputs, you should get a specific output). The computer runs these checks whenever code changes and immediately reports failures, letting you detect regressions without manually re-testing everything. This is especially important with AI-assisted (""vibe"") coding: models can produce code that looks correct but subtly breaks existing behavior (e.g., changing tax logic while adding a discount). Tests act as a safety net regardless of who wrote the code-if tests pass, the behavior you care about is likely intact. The text emphasizes writing behavioral tests (input ? expected output) rather than tests that assert internal implementation steps, because implementation-focused tests break whenever code is refactored-even if behavior is still correct-making them impractical when AI frequently rewrites internals. As for quantity, it suggests starting with a small set of tests covering the most critical, high-risk behaviors (pricing, auth, persistence) and running them after every AI-generated change. It also mentions a Go testing tool, samurai, designed for isolated, independent tests that reduce side effects and cascading failures. "
Summarize the following text,"I want to say. This is the most necessary thing in the Universe. The most profound. And now, in my entire life, I finally started writing code and did it. Quite complex. And the most beautiful. Download and see! It's an executable file, on GitHub.  github: Download Latest Version Windows And Source code We can't have videos, we can only have static ones. Here they are We can't have videos, we can only have static ones. Here they are True 32-bit BGRA  Migrated to full 32-bit BGRA color output, enabling smooth gradients and millions of unique shades. By utilizing a native 32-bit BGRA pipeline, the engine can render millions of intermediate colors. Synchronization with DwmFlush  The engine achieves perfect visual smoothness by synchronizing directly with the Windows Desktop Window Manager (DWM):      Adaptive Refresh Rate: The application uses DwmFlush(). This pauses code execution until the DWM has finished compositing the screen.      Monitor-Dependent FPS:          If your monitor is set to 60 Hz, you get 60 FPS.          If you are using a gaming monitor at 144 Hz, the function triggers 144 times per second, delivering 144 FPS.          On high-end 240 Hz displays, you will see a buttery-smooth 240 FPS.  We can't have videos, we can only have static ones. Here they are We can't have videos, we can only have static ones. Here they are High-Precision Rendering (80-bit)  Most Mandelbrot explorers use standard 64-bit double precision, which leads to ""pixelation"" at zoom levels around 10 14. This project leverages 80-bit Extended Precision Arithmetic (long double) to push the boundaries of the fractal:      My Implementation (80-bit): Provides 4 extra decimal digits of precision, allowing you to explore 10,000x deeper (10 18 range).      Hardware Optimized: Directly utilizes the x87 FPU registers for maximum mathematical depth.  OpenMP  OpenMP is a standard that tells the compiler, ""Take this loop and distribute the iterations among the different processor cores."" Yes, using OpenMP you are doing parallel programming at the Multithreading level. Everything is powered by OpenMP parallel loops for maximum performance. OpenMP - Scalability: Your code will run equally efficiently on a 4-core laptop and a 128-core server. We can't have videos, we can only have static ones. Here they are We can't have videos, we can only have static ones. Here they are True SSAA 2x2 (4 independent samples per pixel) direct RGB-space integration  Implemented 'true' 2x2 Supersampling Anti-Aliasing (SSAA). Each screen pixel is computed from four independent fractal coordinate points. High-fidelity per-channel RGB accumulation. The engine calculates the color for each sub-pixel first, then performs a weighted average of their intensities. Unlike standard renderers that average raw iteration counts (leading to 'chromatic noise' and loss of detail), this engine performs direct RGB-space integration. Averaging iterations produces visual noise and artifacts. By accumulating 32-bit color values first, we eliminate this noise entirely. The result is a clean, sharp image where high-frequency details are perfectly reconstructed, not blurred away. True SSAA 2x2 (4 independent samples per pixel) allows for the reconstruction of micro-filaments smaller than a single screen pixel. Technical Note:      Standard Way: Color( (iter1 + iter2 + iter3 + iter4) / 4 ) - Gives Noise/Artifacts.      Your Way: (Color(iter1) + Color(iter2) + Color(iter3) + Color(iter4)) / 4 - Gives Pure Detail.  Averaging iteration counts (indices) is mathematically incorrect because fractal palettes are non-linear. Averaging index A and B often points to a completely unrelated color C, creating high-frequency chromatic noise. Our solution performs integration in the RGB color space. By calculating the specific RGB components for each sub-pixel before downsampling, we ensure that the resulting color is a true optical blend. This eliminates artifacts and reveals the true structural geometry of the Mandelbrot set that is otherwise masked by noise. We can't have videos, we can only have static ones. Here they are We can't have videos, we can only have static ones. Here they are Why is there noise without Supersampling?  It is a great question! As it turns out, noise without supersampling isn't a CPU error - it is a fundamental phenomenon in digital graphics known as Aliasing. The Mandelbrot set is infinitely complex. At its boundaries, there are ""filaments"" and details millions of times smaller than a single pixel on your monitor.      Without Supersampling: The processor acts like a ""needle,"" sampling only one single point at the exact center of a pixel. If it hits a microscopic filament, the pixel turns red. If it misses by even a micron, the pixel stays black.      The Result: Neighboring pixels ""grab"" random fragments of micro-details. This creates mathematical noise (aliasing artifacts), which looks like grain or dirt on the image.  How SSAA 2x2 ""Heals"" the Image Instead of guessing what lies within a pixel, this engine takes 4 independent samples at different corners of the pixel area.      True Color Computation: The engine calculates 4 real colors for each sample point.      RGB Blending: These colors are blended together in a 32-bit color space.      The Magic of Precision: If a thin filament falls within a pixel, it no longer ""screams"" with a single harsh color or disappears entirely. Instead, it becomes a clean, semi-transparent line that accurately represents the true fractal geometry.  We can't have videos, we can only have static ones. Here they are We can't have videos, we can only have static ones. Here they are Visual Aesthetics. Color rotation  The engine uses a sophisticated hybrid approach to color mapping. Smooth Transitions (Blue & Green): These channels are driven by phase-shifted sine and cosine waves (127 + 127 2 pi * sin / cos). This creates deep, hypnotic gradients. High-Frequency Contrast (Red): The Red channel is populated using a pseudo-random distribution (stochastic noise). The ""Shimmer"" Effect: By mixing smooth harmonic oscillations (G, B) with per-index noise (R), the renderer achieves a unique shimmering texture. The juxtaposition of rhythmic Green/Blue waves and 'noisy' Red values. It mimics the visual complexity. Controls & Hotkeys  The application provides intuitive mouse and keyboard controls for exploring the fractal: Mouse Controls      Left Click (WM_LBUTTONDOWN): Zoom in (2x) and center the view around the clicked point.      Right Click (WM_RBUTTONDOWN): Zoom out (2x) from the current view.  Keyboard Navigation      F1 - F8 Keys: Instantly jump to 8 predefined iconic locations within the Mandelbrot set.  const long double PRESETS[8][3] = {     {-0.7849975438787509L, 0.1465897423090329L, 0.00000000000015L},     {-1.39968383250956L, -0.0005525550160L, 0.0000000000146L},     {-0.8069595889803L, -0.1593850218137L, 0.00000000006L},     {-0.618733273138252L, -0.456605361076005L, 0.0000000000046L},     {-0.550327628L, -0.625931405602L, 0.00000000781L},     {-0.55033233469975L, 0.62593882612931L, 0.0000000000023L},     {-1.3996669964593604L, 0.0005429083913L, 0.000000000000026L},     {-0.5503493176297569L, 0.6259309572825709L, 0.00000000000031L} }; Explain with      LEFT / RIGHT Arrows: Fine-tuned zoom in/out by a factor of 1.1x.  Data Management      ENTER (VK_RETURN): Export current coordinates. The program saves the exact absc, ordi, and size_val to Mandelbrot.txt.  Mandelbrot txt Mandelbrot txt      BACKSPACE (VK_BACK): Import coordinates. Reads the three values from Mandelbrot.txt and instantly renders that location. ","The text promotes a Windows Mandelbrot-set explorer on GitHub (executable + source) and highlights its main technical features:      32-bit BGRA rendering pipeline for smooth gradients and millions of intermediate colors.     Frame pacing via DwmFlush() to sync with the Windows Desktop Window Manager, so FPS matches the monitor refresh rate (e.g., 60/144/240 Hz).     Higher-precision math (80-bit long double) using x87 extended precision to zoom much deeper than typical 64-bit double implementations.     Performance through OpenMP parallel loops, scaling across many CPU cores.     ""True"" 2x2 SSAA (4 samples per pixel) that averages colors in RGB space (not iteration counts) to reduce aliasing/noise and preserve fine fractal details.     Explanation that noise without supersampling is aliasing, caused by sampling infinitely detailed boundaries at only one point per pixel.     Color mapping / rotation: smooth sine/cosine gradients in green/blue plus pseudo-random red for a shimmering look.     Controls: mouse zoom in/out, F1-F8 preset locations, arrow keys for fine zoom, Enter to export coordinates to Mandelbrot.txt, Backspace to import them. "
Summarize the following text,"For life to develop on a planet, two chemical elements are needed in sufficient quantities: phosphorus and nitrogen. Phosphorus is vital for the formation of DNA and RNA. Nitrogen is an essential component of proteins. Without these two elements, life can't develop out of matter.  A study published in Nature Astronomy, and led by Craig Walton, postdoc at the Centre for Origin and Prevalence of Life at the Federal Institute of Technology (ETH) Zurich, and ETH professor Maria Schï¿½nbï¿½chler has now shown that there must be sufficient phosphorus and nitrogen present when a planet's core is formed. ""During the formation of a planet's core, there needs to be exactly the right amount of oxygen present so that phosphorus and nitrogen can remain on the surface of the planet,"" explains Walton. That amount was present when Earth was forming around 4.6 billion years ago. The core is the key  Earth-like planets form out of molten rock and metal. The heavier metals, such as iron and nickel, sink down and form the core. Lighter metals form the mantle, the layer above the core. The lightest metals make up the crust, a planet's outermost layer.  If there is too little oxygen present at this time, phosphorus will fuse with heavy metals such as iron and become locked up in the core. Phosphorus is then no longer available to form DNA or RNA. But if too much oxygen is present when the core forms, that leads to phosphorus remaining in the mantle and nitrogen escaping into the atmosphere, ultimately being lost. The chemical Goldilocks zone  Walton and his co-authors demonstrated through computer modeling that only in a narrow range of medium-level oxygen conditions - known as a chemical Goldilocks zone - will both phosphorus and nitrogen remain in the mantle in sufficient quantities.  ""Our models clearly show that the Earth is precisely within this range. If we had had just a little more or a little less oxygen during core formation, there would not have been enough phosphorus or nitrogen for the development of life,"" says Walton.  The researchers also showed that, during the formation of other planets such as Mars, oxygen levels were outside this Goldilocks zone. On Mars, there was more phosphorus in the mantle than on Earth, but less nitrogen, creating challenging conditions for life as we know it. New limits for life elsewhere  The new findings could change how scientists look for life elsewhere in the universe. Until now, the focus was on whether a planet had water. According to Walton and Schï¿½nbï¿½chler, this falls short.  The critical component is the amount of oxygen available during the formation of a planet. So, according to this new study, many planets couldn't support life even if water is present and they otherwise have the right conditions.  Astronomers can look for the right chemistry for life (especially the amount of oxygen present in a solar system) by studying the host star. The star's chemical structure shapes the planetary system around it because planets are mostly composed of the same material.  Solar systems that have different chemical compositions than ours are therefore not good places to look for life. ""This makes searching for life on other planets a lot more specific. We should look for solar systems with stars that resemble our own Sun,"" says Walton.","Life requires enough phosphorus (for DNA/RNA) and nitrogen (for proteins). A Nature Astronomy study argues that whether these elements stay available on a planet's surface depends on oxygen levels during core formation: too little oxygen locks phosphorus into the core, while too much keeps phosphorus in the mantle but causes nitrogen to escape and be lost. Computer models show only a narrow ""chemical Goldilocks zone"" of medium oxygen allows both phosphorus and nitrogen to remain in the mantle in sufficient amounts-Earth falls precisely in this range, while Mars likely did not (more phosphorus but less nitrogen). The findings suggest that water alone isn't enough to judge habitability; scientists should also consider a system's chemistry, which can be inferred from the host star, and prioritize Sun-like stars when searching for life."
Summarize the following text,"Even when you’re doing all the “right” things – moving regularly, drinking water, prioritising sleep – there will still be those days when you feel inexplicably puffy. Slightly heavy. A bit off. The internet, as ever, has a solution: lymphatic drainage.

Lymphatic drainage isn’t new, but you could be forgiven for thinking it was given the amount of conversation around it currently. What was once the preserve of post-surgical recovery rooms and specialist clinics has edged firmly into the mainstream. Now it’s cropping up on spa menus, woven into pre-event beauty prep, and dominating the wellness-focused corners of TikTok and Instagram. Google searches have surged and clinics and brands alike now promise everything from de-bloating to “detoxing” via an ever-expanding menu of treatments and tools.

Part of the appeal is visual: effects include a flatter stomach, sharper jawline and diminished puffiness after a flight. But beyond the before-and-afters, a far more practical system is at work. The lymphatic network (a web of vessels, nodes and organs) helps to regulate fluid balance, transport immune cells and clear cellular waste. When it’s functioning optimally, you feel lighter, less congested and more energised. When it’s sluggish – after travel, stress, hormonal shifts or long stretches at a desk – it can show up as swelling, heaviness, or that hard-to-define sense of feeling slightly “off”.


“Movement is essential for lymph propulsion,” explains lymphatic specialist Flavia Morellato. Unlike the circulatory system, which relies on the heart, the lymphatic system has no central pump to keep things moving. “Prolonged sitting reduces skeletal muscle contraction and diaphragmatic breathing, directly affecting venous return and creating fluid stagnation.”
Read More
This Humming Breathwork Technique Transformed My Relationship With Stress
By Hannah Coates
Image may contain: Beachwear, Clothing, Dress, Swimwear, Adult, Person, Face, Head, Photography, Portrait, and Formal Wear

It’s a neat explanation for why lymphatic support has become such a talking point in modern life, when so many of us sit for hours, travel frequently and sleep inconsistently. The more interesting question isn’t whether the lymphatic system can be supported, but how – and which tools harness the ability to genuinely influence physiology, rather than simply good marketing.

Having worked in the beauty industry for the better part of 15 years, I’ve willingly submitted myself to most things in the name of “wellness”. So, in the interest of clarity, here are some of the things that genuinely support lymphatic flow – and others where it’s worth managing expectations.","Lymphatic drainage has surged in popularity, moving from post-surgical and specialist settings into mainstream wellness (spas, pre-event prep, and social media), with claims ranging from de-bloating to “detoxing.” Its appeal is partly cosmetic—reduced puffiness, a flatter stomach, a sharper jawline—but it’s rooted in the lymphatic system’s real role in fluid balance, immune cell transport, and waste clearance. Because the lymphatic system has no central pump like the heart, it relies heavily on movement and breathing; prolonged sitting, stress, travel, hormonal changes, and poor sleep can slow lymph flow and lead to swelling or a general feeling of heaviness. The text sets up a practical guide to what actually supports lymphatic flow versus what may be more marketing than meaningful physiology."
Summarize the following text,"A new project called ReXGlue has been released online. It's a software development kit (SDK) designed for static recompilation of Xbox 360 console software. The utility's primary purpose is to convert native PowerPC code into portable C++ code, which can then be compiled for native execution on modern computers running Windows, Linux, or macOS.
https://github.com/rexglue/rexglue-sdk
The project is closely related to the work of the popular Xenia emulator, but takes a fundamentally different approach to game execution. Instead of interpreting instructions or just-in-time (JIT) compilation, ReXGlue generates source code in advance. This methodology is inspired by the XenonRecomp project and the rexdex recompiler. This method potentially offers higher performance and simplifies debugging complex graphics and logic errors.
Version 0.1.1 is currently available. The developers, led by tomcl7, caution that the toolkit is in its early stages of development. Users should expect unstable operation and frequent changes to the API structure. Using the SDK requires advanced technical knowledge, including CMake, the Clang 20 compiler, and an understanding of reverse engineering processes.
Enthusiasts have already begun testing the toolkit on various games. The community is particularly interested in the ability to run exclusive titles that remain difficult to emulate, such as Fable II. Previously, similar recompilation methods allowed the creation of unofficial ports of Sonic Unleashed and Sonic 06. The project's authors encourage beta testers to help find unimplemented features by analyzing the games' .xex executable files and reporting errors in the code generation.
The porting process via ReXGlue includes the creation of configuration files where function boundaries and jump tables can be manually redefined if the automatic analyzer makes errors. The entire project source code is open and available for review, but the authors emphasize that their work is not affiliated with Microsoft and is intended solely for educational purposes.
","icon  ReXGlue is a newly released open-source SDK for static recompilation of Xbox 360 software. It converts PowerPC (Xenon) code into portable C++ that can be compiled to run natively on Windows, Linux, and macOS. Related to the Xenia ecosystem but different from emulation/JIT, it generates source code ahead of time (inspired by XenonRecomp and rexdex), which may improve performance and make debugging easier.  The current release (v0.1.1) is early and unstable, with a changing API and high technical requirements (CMake, Clang 20, and reverse-engineering knowledge). The community is testing it on games—especially hard-to-emulate exclusives like Fable II—and contributors can help by analyzing .xex files and reporting codegen issues. Porting may require manual configuration to correct function boundaries and jump tables. The authors stress it’s unaffiliated with Microsoft and intended for educational use."
Summarize the following text,"From beginning of the internet development till now, almost all the servers were multithreaded servers, because they hadn't any famous and well-built alternative way. After the May 27, 2009 (Node.Js presentation date) developers started discussing the disadvantages of the multithreaded servers and advantages of Node.Js server implementation.  That's true, Node.Js is a good way of web server implementation, but spoiler it's not all so clear-cut and it all depends.  Today I want to answer all this questions.  Let's get it started.  What we're going to discuss:      The working mechanism of multithreaded servers      10k request problem      Main structure problems      Blocking I/O      The working mechanism of multithreaded servers (in block diagram)      Way to solve these problems  Introduction  Imagine the situation: You returned home from work in evening really exhausted and hungry, but of course you don't have the energy to cook. That's you decided to order pizza online on the Domino's ( it's not an advertising integration), but you see the error, that all the treads of the server are full.  Of course, it's only the imaginary situation, because nothing like this simple error cannot happen in such big company like Domino's, because their servers are used to such a big amount of the people all over the world every second. But it's possible to happen in the little company that became very popular one day, with site that isn't used to the big amount of the people, due to the low level of the RAM.  After the reading of this article you will know, why this situation is possible.  The working mechanism of multithreaded servers  When you entered the Domino's website, you send a request to Domino's web-server to receive a response with data (HTML, JSON, etc.). Then server handle your request and if there is no ""free place"" on the server, you should stay in the queue.   Some people can ask: ""That means that the server can process only one request per one time?""  Not at all. If website uses multithreaded server, than server checks the amount of available threads and if the there aren't any, you will be waiting for available thread (you don't know, how long you should wait), if there is one, then server will use this thread to process your request.  10k request problem  As you read in the previous article the server always checks he amount of available threads, before adding a new request to the thread, to be sure that there is at least one available.  Some people can ask: ""What is the amount of the threads on the server?""  Well, it isn't stable. It depends on RAM (more RAM, more threads). On the every multithreaded server the quantity of the treads are closely connected with RAM. That's why it is a really strong problem, because the number of threads is hostage to the amount of RAM.  And here takes place a 10k request problem:  10k (10000) problem is a problem that tells us about the linear dependence between the server request (possible threads) and the RAM. This problem appeared in 2000-x years, when the server wanted to handle 10000 parallel request.  This problem takes place, because native server allocate 1 mb in the memory for every thread and that's why 10000 request (possible threads) needs at least 9.77 Gb memory, but for 2000-x years it was almost impossible, because the price of this RAM was really hight. Money you needed to waste for this amount of RAM memory in 2000-x Money you needed to waste for this amount of RAM memory in 2000-x  Now the 10 Gb RAM for server is not a problem and the server became in the times faster, but even now this problem also exists. However now it's not a problem of 10k, it is a problem of 10M (10000000). That's why this problem shows us not only a number, that are increasing while the technologies are developing, but a relation between a RAM and user quantity. And it's a real problem, because this increases expenses.  Main structure problems  As you have read higher multithreaded server's mechanism has two faulty problems. You have already read about the first problem: very closely relation between a RAM and user quantity. Now for you it's clear that this problem is really serious, because it wastes a lot of money and also decreases a speed of the response.  The second problem is blocking I/O. It is also very important, because it as a previous one decreases the speed of getting the response.  In the next paragraph, we will dive into the topic of blocking I/O deeper.  Blocking I/O  After the server checked the quantity of the available threads and connected your response to free one, it began to run every process one by one. Everything looked ok, till the moment when you met a blocking I/O process.  Suddenly, the thread running stoped and it started to wait for something to complete.  Some people can ask: ""What the thread is waiting for? What should be completed, before the thread will continue to run another processes?""  The answer is very simple. The blocking I/O should be completed for the thread to continue to run another processes.  For instance disk reading is blocking I/O operation and when it runs, server can do nothing more but wait till it will be completed. Disk reading needs approximately 250000000 number of CPU clocks. You can just imagine, how huge is the number of the processes, that aren't connected with data from disk, could be done asynchronously, while the disk reading process is running. That's why it's no more than wasting a time, while the thread is waiting. Thread is waiting Thread is waiting  That's why these problems of the multithreaded servers really decrease the speed of the response.  The working mechanism of multithreaded servers (in block diagram)  Way to solve these problems  You already know two main problems, that slow down the thread running. Unfortunately the second problem can't be solved without changing the whole system. The first problem can't also be solved fully, that means that the speed will not increase. The only thing we can do, only to reduce the expenses.  The big amount of RAM is very expensive even now, but due to the new developments in scaling of services, we can make a clever decision.  Some people can ask: ""How we can do that?""  Easily. New developments in scaling of services can help us to divide (scale) service by separate server with lower price and lower energy consumption.  For example: The developer knows that this service will use approximately 100000 users. That means that you will need approximately 100 Gb of RAM, but there isn't RAM with 100 Gb, only 128 Gb (more better, than less, because it will contain a reserve).  The 128 Gb with 2 * 64 Gb RAM or 128 Gb RAM are very expensive, that's why we can rent a lot of little servers with 8 Gb RAM and it will be cheaper.  It will be cheaper, because even a lot of little separate servers with the same RAM in summary like in big one, will be cheaper than one big. That's why, even the same RAM, but separated in a lot of parts, will be cheaper than one RAM (for example 128 Gb). Also every little server will consume less energy than big one, even in the time, when they are fully free.  It is a good way to decrease a money that you spend for the servers. However there is one way to spend much less expenses - to use Node.Js.  Node.Js built on the one thread server with non-blocking I/O, that means that it consume much less energy and doesn't need so much RAM, because it use it more ""clever"" native server. But Node.Js cannot work with mathematical calculations, because it will stuck, that's why in this situation the multithreaded server with blocking I/O is better. However, it is true only for calculations, but for the work with disk, data, databases etc. Node.Js is better, faster and cheaper.","The text explains how traditional multithreaded web servers handle requests by assigning each request to an available thread, making users wait when all threads are busy. It highlights two core issues:      The “10k request problem”: the number of concurrent threads is tightly limited by RAM because each thread consumes significant memory, so supporting more parallel users becomes increasingly expensive (historically 10k requests, conceptually scaling to much larger numbers today).      Blocking I/O: when a thread performs operations like disk reads, it must wait until they finish, leaving CPU time underused and slowing responses.  As partial mitigation, it suggests horizontal scaling (many smaller servers instead of one large, expensive machine) to reduce costs. It then contrasts this with Node.js, which uses a single-threaded, event-driven model with non-blocking I/O, often making it cheaper and faster for I/O-heavy workloads (disk, network, databases), but less suitable for CPU-heavy computations that can block the event loop."
Summarize the following text,"Hi everyone, a few months ago I got a Brother AX-25, and since then, I've been working on turning it into a computer. It uses an Arduino to scan the custom mechanical keyboard and control the typewriter, and a Raspberry Pi is connected to the Arduino over serial so I can log into it in headless mode.  This video goes over the design and assembly of it. There's also a test of the typewriter in action, as well as a sound test at the end of the video. Inspiration  Back in high school, one of my friends was working on making a computer using a Z80 for a school project. He had it set up on a few breadboards in a briefcase, and after we talked about it for a bit, we decided that we would try to put it in an old typewriter. We wanted to make our own Commodore 64. We gutted an old electronic typewriter, but never got around to putting the computer in it. For the past 6 years, I've had that typewriter's shell sitting in my room.  For a while, I wanted to turn the typewriter into a cyberdeck. I planned on putting a screen in it, and a Raspberry Pi with a hefty battery. I had that idea rolling around in my head until a couple years ago, when I saw CuriousMarc's video about his teletype turned into a Linux terminal. I wanted to do the same to a typewriter, but I never had the time to do it and couldn’t find a typewriter at any thrift stores. After graduating from college, I finally had enough spare time, and knowledge, to turn a typewriter into a computer, so I went to a thrift store and bought the first electronic typewriter I could find. Functionality  I can use all sorts Linux commands, and by processing the escape sequences that the Raspberry Pi outputs, it can automatically toggle the typewriter’s formatting features. I can also type commands using the typewriter's keyboard.  I've also used it to print some ASCII art, I think the results look pretty great! Reverse-engineering and Design  The typewriter's keyboard connectors with jumper wires wired up to them The typewriter's keyboard connectors with jumper wires wired up to them  The typewriter’s keyboard is wired up in an 8x11 matrix, and it connects to the typewriter using two connectors, one for the rows, and one for the columns. When you press one of the keys, it connects one of the row pins to a column pin, which the typewriter then detects. To figure out which pair of pins each key corresponds to, I connected each pair by hand one at a time, and wrote down what key was printed. I did this until I had the entire matrix mapped out.  The typewriter uses a 7805 linear regulator to power its 5V components, and I was able to locate an unused 5V pad and ground pad that I can tap into to power my circuit. I had to add a heatsink to the regulator to accommodate for the increased power consumption of my circuit. Schematic for my design Schematic for my design Interfacing with the Typewriter  The Arduino code is available on my GitHub repository if you’d like to look at it in more detail! My Arduino controls the typewriter using two multiplexers, one connected to each of the keyboard connectors. The multiplexer’s signal pins are connected so they can be used to connect pairs of pins on the keyboard connectors together. To send a key, the Arduino selects a pin on each multiplexer to connect them, which tricks the typewriter into thinking that a key has been pressed. The final circuit all wired up, I had to hand-wire it because I broke the surface-mount multiplexers I was using The final circuit all wired up, I had to hand-wire it because I broke the surface-mount multiplexers I was using  The Arduino is connected via serial to the Pi, which has the serial console enabled on its UART pins. I chose to use an Arduino in addition to the Raspberry Pi because I’m more familiar with them, and it makes interfacing with the Raspberry Pi’s UART console much easier. The Arduino and the Raspberry Pi communicate at a rate of 120 characters per second, but the typewriter can only type 12 per second. To prevent long messages from getting cut off, I added serial flow control to my code. This allows the Arduino to tell the Pi when to start and stop sending text. The Raspberry Pi is running Raspberry Pi OS Lite, since I only need access to the terminal. Scanning the Keyboard  To scan the keyboard, I used essentially the same circuit; two multiplexers, one for the rows, one for the columns. The Arduino scans the keyboard one key at a time by selecting a channel on each multiplexer. When it detects that a key has been pressed, it sends that character to the Raspberry Pi so it can be processed. The original prototype for the keyboard scanning circuit The original prototype for the keyboard scanning circuit The final version of the keyboard with the multiplexers wired up to it The final version of the keyboard with the multiplexers wired up to it  I could have used the typewriter’s original keyboard for this project, but I decided to replace it with a custom mechanical keyboard, with Matias Alps Clicky switches, which feel awesome to type on! Conclusion  By turning my typewriter into a computer, I was able to recreate the experience of using a teletype. Now I know what it was like to use Unix in the 1960s when it was originally being developed! The custom mechanical keyboard feels amazing to type on, and is a huge upgrade over the mushy membrane keyboard it originally had. With these upgrades, my typewriter is much more powerful now! ","icon  The author describes converting a Brother AX-25 electronic typewriter into a headless Linux “teletype” terminal. An Arduino scans a custom mechanical keyboard and also “presses” keys electronically to control the typewriter, while a Raspberry Pi (running Raspberry Pi OS Lite) connects over serial to provide the Linux console. The system can run shell commands, print output (including ASCII art), and even toggle typewriter formatting by interpreting escape sequences.  They explain the reverse-engineering and build process: mapping the typewriter’s original 8×11 keyboard matrix, tapping the internal 5V supply (adding a heatsink to the 7805 regulator), and using multiplexers both to simulate keypresses and to scan keyboard input. Because the Pi can transmit much faster than the typewriter can print, they implemented serial flow control to avoid dropped text. The project is presented as a modern recreation of 1960s Unix/teletype computing, with a much improved typing feel thanks to the new mechanical keyboard."
Summarize the following text,"In this article, we will look at 3 ways to set up a VPN connection with VLESS and Reality.  VLESS is a modern data transfer protocol designed to provide high speed and privacy on the internet. It is often called VLESS VPN, although strictly speaking, we will be discussing the installation of a proxy with the VLESS protocol based on an XRay server with Reality.  Let's start with the simplest and most universal option, which requires no technical knowledge. Method 1. Simple Installation  The fastest and most convenient way to set up VLESS is with Amnezia, detailed instructions are here.  Go to VDSina and register. If the site doesn't load, try this virtual browser, and complete the registration within the 3 free minutes; you only need an email. A password and a link to your personal account will be sent to it, which should load without any problems. Log in to your account and order a standard server with 1 core and 2GB of RAM. Then, install the AmneziaVPN application on your computer or phone, launch it, click on ""Self-hosted VPN"" (set up a VPN on your own server) and enter the IP address and root password of our virtual server. In the next step, click on ""Select VPN protocol"" and select ""XRay"" (XRay with Reality).  The program will then configure everything on the server and prompt you to connect to your VPN. The VLESS protocol is used by default. Method 2. Virtual Server with 3X-UI  With the hosting provider mentioned above, when ordering a server, you can choose to install 3X-UI (or X-UI) — a convenient graphical interface for configuring XRay with VLESS.  When the server is ready, you will receive a link to log in to the VPN settings panel, as well as a username and password.  Open this link, log in, and go to the ""Connections"" section. Next, click ""Add Connection"" and perform the following actions in the pop-up window:      Protocol set to vless, port change to 443      In the ""Security"" line, select Reality and press the ""Get New Cert"" button      In the ""Client"" section, replace Email with any recognizable name, and for Flow select xtls-rprx-vision      Don't change anything else, click ""Create"" and make sure that the new configuration has been added and is available as a QR code or URL link (the 'Information' icon), which will be used later to connect to the VPN.  For clarity, I'll show this in a video: Создание нового VLESS подключения в 3X-UI Creating a new VLESS connection in 3X-UI  The server is configured, and to connect to it, you need to install a client program. Here are the most popular clients:      for Windows: Hiddify, InvisibleMan-XRay, NekoBox      for iOS and MacOS: Hiddify, FoXray, Streisand      for Android: Hiddify, v2rayNG, NekoBox      for Linux: Hiddify, NekoBox  To connect most clients, you just need to scan the configuration QR code or paste the corresponding URL link. In some cases, if the client does not have an import function, the configuration data from the URL link must be transferred manually. Method 3. Manual Installation  This option is the most labor-intensive and involves several steps. As with the previous two methods, it is assumed that you already have a VPS.  Step 1. Log in to the server as root, update the package lists, and run the XRay installation script:  apt update -y bash -c ""$(curl -L https://github.com/XTLS/Xray-install/raw/main/install-release.sh)"" @ install  Step 2. Create the necessary credentials for the configuration and save them somewhere; you will need them later:  xray uuid xray x25519  Step 3. For VLESS to work, you need a site that supports HTTP/2, TLS 1.3, and an X25519 certificate. You can check this as follows:  curl -I --tlsv1.3 --http2 https://example.com openssl s_client -connect example.com:443 -brief  Example of checking Habr: Как проверить поддержку HTTP/2, TLS 1.3 и X25519 How to check for HTTP/2, TLS 1.3, and X25519 support  Step 4. Replace the contents of the /usr/local/etc/xray/config.json file with the config template below. The template needs to be edited and supplemented according to the comments in it: config.json  Step 5. Restart XRay and make sure everything is working:  systemctl restart xray systemctl status xray  The server is ready. We discussed the list of client applications for connection in the previous setup method; use them.  Prepare the configuration URL string to paste into the client, here is the template:  vless://<uuid из шага 2>@<IP-адрес сервера>:443?type=tcp&security=reality&pbk=<публичный ключ из шага 2>&fp=chrome&sni=<домен из serverNames в конфиге>&sid=<одно из значений shortIds в конфиге>&flow=xtls-rprx-vision#<произвольное название, под которым профиль будет сохранён в приложении>  From this string, you can use any QR generator to create a graphical code for easy configuration import later. For example, like this:  apt install qrencode -y qrencode -o qr.png 'vless://...'  As a result, we will get a file qr.png containing a QR code that can be scanned by any compatible client.","The text explains three ways to set up a VLESS-based “VPN” (technically an XRay proxy using VLESS with Reality) on a VPS:      Amnezia (easiest): rent a small VPS, install the AmneziaVPN app, choose “Self-hosted VPN,” enter the server IP/root password, select XRay (Reality), and the app auto-configures everything.      3X-UI/X-UI control panel: order a VPS with 3X-UI preinstalled, log into the web panel, add a VLESS connection on port 443 with Reality, generate certs, set flow to xtls-rprx-vision, then connect using a client app by importing a QR code or URL.      Manual installation (most complex): install XRay via script, generate a UUID and X25519 keys, choose a domain that supports HTTP/2 and TLS 1.3, edit config.json, restart the service, then build a VLESS connection URL (or QR code) for use in compatible clients (Hiddify, NekoBox, v2rayNG, etc.). "
Summarize the following text,"Prompts in Ragas are used inside various metrics and synthetic data generation tasks. In each of these tasks, Ragas also provides a way for the user to modify or replace the default prompt with a custom prompt. This guide provides an overview of the Prompt Object in Ragas. Components of a Prompt Object  In Ragas, a prompt object is composed of the following key components:      Instruction: A fundamental element of any prompt, the instruction is a natural language directive that clearly describes the task the Language Model (LLM) should perform. This is specified using the instruction variable within the prompt object.      Few-Shot Examples: LLMs are known to perform better when provided with few-shot examples, as they help the model understand the task context and generate more accurate responses. These examples are specified using the examples variable in the prompt object. Each example consists of an input and its corresponding output, which the LLM uses to learn the task.      Input Model: Every prompt expects an input to produce an output. In Ragas, the expected format of this input is defined using the input_model variable. This is a Pydantic model that outlines the structure of the input, enabling validation and parsing of the data provided to the prompt.      Output Model: Upon execution, a prompt generates an output. The format of this output is specified using the output_model variable in the prompt object. Like the input model, the output model is a Pydantic model that defines the structure of the output, facilitating validation and parsing of the data produced by the LLM.  Example  Here's an example of a prompt object that defines a prompt for a text generation task:  from ragas.prompt import PydanticPrompt from pydantic import BaseModel, Field  class MyInput(BaseModel):     question: str = Field(description=""The question to answer"")  class MyOutput(BaseModel):     answer: str = Field(description=""The answer to the question"")  class MyPrompt(PydanticPrompt[MyInput,MyInput]):     instruction = ""Answer the given question""     input_model = MyInput     output_model = MyOutput     examples = [         (             MyInput(question=""Who's building the opensource standard for LLM app evals?""),             MyOutput(answer=""Ragas"")         )     ]  Guidelines for Creating Effective Prompts  When creating prompts in Ragas, consider the following guidelines to ensure that your prompts are effective and aligned with the task requirements:      Clear and Concise Instructions: Provide clear and concise instructions that clearly define the task the LLM should perform. Ambiguity in instructions can lead to inaccurate responses.     Relevant Few-Shot Examples: Include relevant few-shot examples that cover a diverse range of scenarios related to the task (ideally 3-5). These examples help the LLM understand the context and generate accurate responses.     Simple Input and Output Models: Define simple and intuitive input and output models that accurately represent the data format expected by the LLM and the output generated by the LLM. If the models are complex, try to break the task into smaller sub-tasks with separate prompts. ","icon  Ragas uses prompts in its evaluation metrics and synthetic data generation, and lets users customize or replace the default prompts. A Ragas “prompt object” consists of: (1) an instruction describing the task, (2) optional few-shot examples (input/output pairs) to improve model performance, (3) an input_model and (4) an output_model, both defined as Pydantic models for structured validation and parsing. The text includes a simple code example of a PydanticPrompt and recommends writing clear instructions, providing 3–5 relevant examples, and keeping input/output schemas simple (or splitting complex tasks into smaller prompts)."
Summarize the following text,"UX testing is one of the most important parts of the UX design creation process for any software product. It helps to understand whether users are satisfied with the design and highlights its problematic areas that need to be fixed or improved. UX testing is an important part of the whole testing process - it helps to get beta-testers feedback to determine whether the product is comfortable for users and gives opportunity to improve problems and issues before moving on to the next stage of the development process. It also contributes to reducing the cost of development, as it is much cheaper to fix issues during the development process rather than after the release. Listed down below are 5 simple tips that can help perform UX testing in a proper and effective way.
Define the goal of testing   
The purpose of different testing processes is not always the same. Therefore, be sure to define the goal before starting each testing session. For example: “Is our design aesthetically pleasing?”, or “Is our product’s navigation intuitive enough?”. Knowing the goal will help you to find the right audience for beta-testing and determine which metrics you should test your ideas against. 
Break down the testing process into steps 
In order for the testing process to work, you have to divide it into stages and move systematically from one step to another. Usually, it’s better to test the whole concept at first, then move to the testing of layout, then conduct the final testing of a full prototype. Breaking testing into stages makes it easier to fix issues after each stage and slowly build the product from the base to the top. 
Take your time to find reliable test participants
Finding the right audience to take part in testing your product is very important if you want to get proper reviews and objective criticism. There are different ways to search for the right test participants. If you already have other products, you can hold testing among your loyal customers. Another way to find test participants is to search for the special communities of your target audience on social media. The UX of a product can also be tested by members of the development team itself who didn’t take part in creating the UX design. 
Admit mistakes
Don’t expect testing to always go smoothly. Keep in mind that you are conducting it to make the product better for the users instead of proving that what you’ve created is already “excellent”. This means you should be attentive to all the reviews you receive and try to find ways to improve issues that your customers are not satisfied with. Again, it’s better to fix issues on the testing stage rather than release a product that will disappoint users.
Discuss testing result with the rest of the team
Even if fixing the issues after testing requires the work of only UX designers, it is very important to discuss the results of testing with the whole team. It will notify your colleagues on the main changes in the product and help define the next steps of the development process. If you have time, it’s also a great idea to share what you’ve learnt from the testing process with others. For example, you can write a blog post so that other UX designers could learn from your experience.  

How to conduct UX testing on a small budget?
Timely and regular testing is crucial for the development of a successful digital product.  Unfortunately, conducting UX testing often turns out to be an expensive procedure that can require four-digit sums of money. Not all companies can bear such expenses, which leads them into opting out of testing at all. That, in fact, is a wrong thing to do, since UX testing is really necessary if you want to make a good product. If your budget is limited, here are some ways to perform testing in a more simple and cheaper way. 
Use cheap or free software tools
There are a lot of software tools for UX creation and testing, and many of them are quite expensive. It’s convenient to use them if the budget allows, but there is no need to waste money on them if the budget is already limited. You can use cheaper or even free tools instead. For example, use PowerPoint instead of purchasing a special program to showcase UX designs. When interviewing users, write down notes on paper or in Word. While it might be less comfortable than using special tools that make testing easier, it will definitely save you a lot of money, since all professional programs cost a lot. 
Start with a small number of participants
There is a common belief that UX testing should include as many participants as possible in order to get more information and lead to better results. While it might be true for large projects, there is no need for a small project to spend a budget on attracting a lot of participants. It’s okay to start with interviewing a few users (up to 10) and getting their insight on working with the product. Their thoughts and experience will most likely be enough to detect problems in the product’s UX. Later you can attract more participants as you improve the product and replenish the budget.
Test remotely
Testing face-to-face is another thing that gobbles up not only money, but also time. It’s much faster and cheaper to talk with participants via video calls. Screen-sharing tools (like the one Skype has) can help you see how participants are interacting with the product. In some cases you can even ask users to record their screens when testing the product and then send it for you to watch later. Remote approach also allows you to find participants in any part of the world rather than narrow down searches to your location. 
 Hire freelance testers
Large projects tend to have their products’ UX tested in agencies or IT laboratories, but that definitely costs money. A much cheaper way is to hire freelance testers on corresponding sources. The work quality of a freelancer might be lower than of an official agency professionals, but if you take time to choose trustworthy freelancers by reviews, you might get quite a well-performed testing.
Use social networks
Social media is a great resource for not only finding volunteer participants for testing, but also learning people’s opinion. If you don’t have a budget for a full-scale testing, you can ask people to test your product (or its parts) online. While not everyone on social media takes such things seriously, there will still be a decent amount of people who will share their honest opinion that might help you have an understanding of how the audience perceives the product. 
Conclusion
Being a very important part of a UX design process, UX testing requires a thoughtful, meticulous and responsible approach. Conducting UX testing can require some expenses, but it’s also possible to find ways to perform it on a budget. If carried out correctly, it can speed up the development process, save budget and eliminate late detection of serious bugs and issues. 
","UX testing is presented as a crucial part of product development because it reveals whether users are satisfied, identifies usability problems early, and reduces costs by fixing issues before release. The text offers five practical tips: set a clear testing goal, break testing into stages (concept → layout → full prototype), recruit reliable participants, accept and act on criticism, and share results with the whole team to guide next steps.  It also suggests budget-friendly approaches to UX testing: use free/cheap tools, start with a small sample (around 10 users), test remotely via video/screen sharing, hire vetted freelancers instead of agencies, and leverage social networks to find testers and gather feedback. The conclusion emphasizes that thoughtful UX testing can speed development, save money, and prevent serious issues from being discovered too late."
